1,101@hoge.com,nzufsyzdjqtq
2,102@hoge.com,tmzwhqni7ah1
3,103@hoge.com,m0vsddpvxh5y
4,104@hoge.com,p974pry1dck1
5,105@hoge.com,wpsals8g462p
6,106@hoge.com,cer47fomi1dw
7,107@hoge.com,d91ckptxosxg
8,108@hoge.com,7jjyok97qfwf
9,109@hoge.com,g1e5i04n7ys9
10,110@hoge.com,2bm15yvdwxvj
11,111@hoge.com,rww5rj4xbxvy
12,112@hoge.com,p6ic02amxpne
13,113@hoge.com,7bqfj8734xyk
14,114@hoge.com,71nmh3boppck
15,115@hoge.com,2khsrmp89a7y
16,116@hoge.com,1gw7sworx99u
17,117@hoge.com,9bqx9sdxnvh3
18,118@hoge.com,vc7kivxxeqz9
19,119@hoge.com,ngbmltk41m6w
20,120@hoge.com,dgxl5l6a05vf
21,121@hoge.com,rxzddjzrpvr6
22,122@hoge.com,grtliyb8vvcn
23,123@hoge.com,3rrnrbzxfewj
24,124@hoge.com,iwa7pxbdxnyz
25,125@hoge.com,bqovb6a91z7o
26,126@hoge.com,fl80anr0i3hk
27,127@hoge.com,30lw92kljcfz
28,128@hoge.com,rwvleuvbcy4i
29,129@hoge.com,qjq8lyhcnkvt
30,130@hoge.com,6ikh3ddo5p0d
31,131@hoge.com,3yb7s328kwo1
32,132@hoge.com,789njvxhf17w
33,133@hoge.com,89aspx43lybb
34,134@hoge.com,1jjkuv0dvsy0
35,135@hoge.com,ein3ho7bq3qm
36,136@hoge.com,4v7mc13ewjsq
37,137@hoge.com,1qwufu4usdzr
38,138@hoge.com,pq92lujimxgx
39,139@hoge.com,hg5orjr7vssa
40,140@hoge.com,ba8g86v9vc5c
41,141@hoge.com,rbe5qm8at2hr
42,142@hoge.com,qxjm0xmrctlo
43,143@hoge.com,xe3fc48oygkb
44,144@hoge.com,i3cn3gaitwca
45,145@hoge.com,pt7d2qmt13uc
46,146@hoge.com,ugl2mvyx6eg1
47,147@hoge.com,b00shzu2kzg0
48,148@hoge.com,hm9dhhth9xdw
49,149@hoge.com,srj1m7qms4xw
50,150@hoge.com,hr9w7zawfvn7
